Date,High,Low,Close,Open,Adj Close
2022-09-01,27.4500007629394531250000000000000000000000000000000000000000000000,25.2500000000000000000000000000000000000000000000000000000000000000,25.5599994659423828125000000000000000000000000000000000000000000000,26.8799991607666015625000000000000000000000000000000000000000000000,25.5599994659423828125000000000000000000000000000000000000000000000
2022-09-02,26.2800006866455078125000000000000000000000000000000000000000000000,23.1900005340576171875000000000000000000000000000000000000000000000,25.4699993133544921875000000000000000000000000000000000000000000000,25.5100002288818359375000000000000000000000000000000000000000000000,25.4699993133544921875000000000000000000000000000000000000000000000
2022-09-06,27.7999992370605468750000000000000000000000000000000000000000000000,25.3299999237060546875000000000000000000000000000000000000000000000,26.9099998474121093750000000000000000000000000000000000000000000000,25.4599990844726562500000000000000000000000000000000000000000000000,26.9099998474121093750000000000000000000000000000000000000000000000
2022-09-07,27.1499996185302734375000000000000000000000000000000000000000000000,24.5400009155273437500000000000000000000000000000000000000000000000,24.6399993896484375000000000000000000000000000000000000000000000000,26.9300003051757812500000000000000000000000000000000000000000000000,24.6399993896484375000000000000000000000000000000000000000000000000
2022-09-08,25.8999996185302734375000000000000000000000000000000000000000000000,23.5599994659423828125000000000000000000000000000000000000000000000,23.6100006103515625000000000000000000000000000000000000000000000000,24.7000007629394531250000000000000000000000000000000000000000000000,23.6100006103515625000000000000000000000000000000000000000000000000
2022-09-09,23.5699996948242187500000000000000000000000000000000000000000000000,22.6399993896484375000000000000000000000000000000000000000000000000,22.7900009155273437500000000000000000000000000000000000000000000000,23.4899997711181640625000000000000000000000000000000000000000000000,22.7900009155273437500000000000000000000000000000000000000000000000
2022-09-12,24.2299995422363281250000000000000000000000000000000000000000000000,23.1599998474121093750000000000000000000000000000000000000000000000,23.8700008392333984375000000000000000000000000000000000000000000000,23.5799999237060546875000000000000000000000000000000000000000000000,23.8700008392333984375000000000000000000000000000000000000000000000
2022-09-13,28.1499996185302734375000000000000000000000000000000000000000000000,23.5300006866455078125000000000000000000000000000000000000000000000,27.2700004577636718750000000000000000000000000000000000000000000000,23.6700000762939453125000000000000000000000000000000000000000000000,27.2700004577636718750000000000000000000000000000000000000000000000
2022-09-14,27.5599994659423828125000000000000000000000000000000000000000000000,26.1599998474121093750000000000000000000000000000000000000000000000,26.1599998474121093750000000000000000000000000000000000000000000000,26.7299995422363281250000000000000000000000000000000000000000000000,26.1599998474121093750000000000000000000000000000000000000000000000
2022-09-15,26.9300003051757812500000000000000000000000000000000000000000000000,25.4200000762939453125000000000000000000000000000000000000000000000,26.2700004577636718750000000000000000000000000000000000000000000000,26.1000003814697265625000000000000000000000000000000000000000000000,26.2700004577636718750000000000000000000000000000000000000000000000
2022-09-16,28.4500007629394531250000000000000000000000000000000000000000000000,26.1399993896484375000000000000000000000000000000000000000000000000,26.2999992370605468750000000000000000000000000000000000000000000000,27.4699993133544921875000000000000000000000000000000000000000000000,26.2999992370605468750000000000000000000000000000000000000000000000
2022-09-19,27.9500007629394531250000000000000000000000000000000000000000000000,25.5599994659423828125000000000000000000000000000000000000000000000,25.7600002288818359375000000000000000000000000000000000000000000000,27.6900005340576171875000000000000000000000000000000000000000000000,25.7600002288818359375000000000000000000000000000000000000000000000
2022-09-20,27.8099994659423828125000000000000000000000000000000000000000000000,25.6100006103515625000000000000000000000000000000000000000000000000,27.1599998474121093750000000000000000000000000000000000000000000000,25.6499996185302734375000000000000000000000000000000000000000000000,27.1599998474121093750000000000000000000000000000000000000000000000
2022-09-21,30.1800003051757812500000000000000000000000000000000000000000000000,25.5499992370605468750000000000000000000000000000000000000000000000,27.9899997711181640625000000000000000000000000000000000000000000000,28.0300006866455078125000000000000000000000000000000000000000000000,27.9899997711181640625000000000000000000000000000000000000000000000
2022-09-22,28.3799991607666015625000000000000000000000000000000000000000000000,26.7099990844726562500000000000000000000000000000000000000000000000,27.3500003814697265625000000000000000000000000000000000000000000000,28.1599998474121093750000000000000000000000000000000000000000000000,27.3500003814697265625000000000000000000000000000000000000000000000
2022-09-23,32.3100013732910156250000000000000000000000000000000000000000000000,27.5799999237060546875000000000000000000000000000000000000000000000,29.9200000762939453125000000000000000000000000000000000000000000000,27.6800003051757812500000000000000000000000000000000000000000000000,29.9200000762939453125000000000000000000000000000000000000000000000
2022-09-26,32.8800010681152343750000000000000000000000000000000000000000000000,29.8299999237060546875000000000000000000000000000000000000000000000,32.2599983215332031250000000000000000000000000000000000000000000000,31.7399997711181640625000000000000000000000000000000000000000000000,32.2599983215332031250000000000000000000000000000000000000000000000
2022-09-27,34.1399993896484375000000000000000000000000000000000000000000000000,30.2999992370605468750000000000000000000000000000000000000000000000,32.5999984741210937500000000000000000000000000000000000000000000000,31.2000007629394531250000000000000000000000000000000000000000000000,32.5999984741210937500000000000000000000000000000000000000000000000
2022-09-28,34.8800010681152343750000000000000000000000000000000000000000000000,30.0300006866455078125000000000000000000000000000000000000000000000,30.1800003051757812500000000000000000000000000000000000000000000000,34.5000000000000000000000000000000000000000000000000000000000000000,30.1800003051757812500000000000000000000000000000000000000000000000
2022-09-29,33.4599990844726562500000000000000000000000000000000000000000000000,31.1599998474121093750000000000000000000000000000000000000000000000,31.8400001525878906250000000000000000000000000000000000000000000000,31.6700000762939453125000000000000000000000000000000000000000000000,31.8400001525878906250000000000000000000000000000000000000000000000
2022-09-30,33.2500000000000000000000000000000000000000000000000000000000000000,29.3899993896484375000000000000000000000000000000000000000000000000,31.6200008392333984375000000000000000000000000000000000000000000000,31.6100006103515625000000000000000000000000000000000000000000000000,31.6200008392333984375000000000000000000000000000000000000000000000
2022-10-03,33.0600013732910156250000000000000000000000000000000000000000000000,29.6299991607666015625000000000000000000000000000000000000000000000,30.1000003814697265625000000000000000000000000000000000000000000000,33.0000000000000000000000000000000000000000000000000000000000000000,30.1000003814697265625000000000000000000000000000000000000000000000
2022-10-04,29.6200008392333984375000000000000000000000000000000000000000000000,28.5599994659423828125000000000000000000000000000000000000000000000,29.0699996948242187500000000000000000000000000000000000000000000000,29.5200004577636718750000000000000000000000000000000000000000000000,29.0699996948242187500000000000000000000000000000000000000000000000
2022-10-05,30.1100006103515625000000000000000000000000000000000000000000000000,28.5000000000000000000000000000000000000000000000000000000000000000,28.5499992370605468750000000000000000000000000000000000000000000000,29.3600006103515625000000000000000000000000000000000000000000000000,28.5499992370605468750000000000000000000000000000000000000000000000
2022-10-06,30.7399997711181640625000000000000000000000000000000000000000000000,28.5599994659423828125000000000000000000000000000000000000000000000,30.5200004577636718750000000000000000000000000000000000000000000000,28.6000003814697265625000000000000000000000000000000000000000000000,30.5200004577636718750000000000000000000000000000000000000000000000
2022-10-07,32.0200004577636718750000000000000000000000000000000000000000000000,29.8799991607666015625000000000000000000000000000000000000000000000,31.3600006103515625000000000000000000000000000000000000000000000000,30.3700008392333984375000000000000000000000000000000000000000000000,31.3600006103515625000000000000000000000000000000000000000000000000
2022-10-10,33.9900016784667968750000000000000000000000000000000000000000000000,32.0499992370605468750000000000000000000000000000000000000000000000,32.4500007629394531250000000000000000000000000000000000000000000000,32.9300003051757812500000000000000000000000000000000000000000000000,32.4500007629394531250000000000000000000000000000000000000000000000
2022-10-11,34.4300003051757812500000000000000000000000000000000000000000000000,32.4500007629394531250000000000000000000000000000000000000000000000,33.6300010681152343750000000000000000000000000000000000000000000000,33.5600013732910156250000000000000000000000000000000000000000000000,33.6300010681152343750000000000000000000000000000000000000000000000
2022-10-12,34.5299987792968750000000000000000000000000000000000000000000000000,33.1100006103515625000000000000000000000000000000000000000000000000,33.5699996948242187500000000000000000000000000000000000000000000000,33.5400009155273437500000000000000000000000000000000000000000000000,33.5699996948242187500000000000000000000000000000000000000000000000
2022-10-13,33.8699989318847656250000000000000000000000000000000000000000000000,31.6299991607666015625000000000000000000000000000000000000000000000,31.9400005340576171875000000000000000000000000000000000000000000000,33.5999984741210937500000000000000000000000000000000000000000000000,31.9400005340576171875000000000000000000000000000000000000000000000
2022-10-14,32.9799995422363281250000000000000000000000000000000000000000000000,31.1399993896484375000000000000000000000000000000000000000000000000,32.0200004577636718750000000000000000000000000000000000000000000000,31.8899993896484375000000000000000000000000000000000000000000000000,32.0200004577636718750000000000000000000000000000000000000000000000
2022-10-17,32.5900001525878906250000000000000000000000000000000000000000000000,30.7000007629394531250000000000000000000000000000000000000000000000,31.3700008392333984375000000000000000000000000000000000000000000000,32.2700004577636718750000000000000000000000000000000000000000000000,31.3700008392333984375000000000000000000000000000000000000000000000
2022-10-18,31.9300003051757812500000000000000000000000000000000000000000000000,30.4200000762939453125000000000000000000000000000000000000000000000,30.5000000000000000000000000000000000000000000000000000000000000000,31.1000003814697265625000000000000000000000000000000000000000000000,30.5000000000000000000000000000000000000000000000000000000000000000
2022-10-19,31.8999996185302734375000000000000000000000000000000000000000000000,30.7600002288818359375000000000000000000000000000000000000000000000,30.7600002288818359375000000000000000000000000000000000000000000000,30.9400005340576171875000000000000000000000000000000000000000000000,30.7600002288818359375000000000000000000000000000000000000000000000
2022-10-20,31.3199996948242187500000000000000000000000000000000000000000000000,29.7600002288818359375000000000000000000000000000000000000000000000,29.9799995422363281250000000000000000000000000000000000000000000000,31.2999992370605468750000000000000000000000000000000000000000000000,29.9799995422363281250000000000000000000000000000000000000000000000
2022-10-21,30.4400005340576171875000000000000000000000000000000000000000000000,29.2399997711181640625000000000000000000000000000000000000000000000,29.6900005340576171875000000000000000000000000000000000000000000000,30.2099990844726562500000000000000000000000000000000000000000000000,29.6900005340576171875000000000000000000000000000000000000000000000
2022-10-24,30.9500007629394531250000000000000000000000000000000000000000000000,29.7800006866455078125000000000000000000000000000000000000000000000,29.8500003814697265625000000000000000000000000000000000000000000000,30.6499996185302734375000000000000000000000000000000000000000000000,29.8500003814697265625000000000000000000000000000000000000000000000
2022-10-25,30.0000000000000000000000000000000000000000000000000000000000000000,28.2199993133544921875000000000000000000000000000000000000000000000,28.4599990844726562500000000000000000000000000000000000000000000000,29.7999992370605468750000000000000000000000000000000000000000000000,28.4599990844726562500000000000000000000000000000000000000000000000
2022-10-26,28.5200004577636718750000000000000000000000000000000000000000000000,27.2700004577636718750000000000000000000000000000000000000000000000,27.2800006866455078125000000000000000000000000000000000000000000000,28.4400005340576171875000000000000000000000000000000000000000000000,27.2800006866455078125000000000000000000000000000000000000000000000
2022-10-27,27.6700000762939453125000000000000000000000000000000000000000000000,26.9400005340576171875000000000000000000000000000000000000000000000,27.3899993896484375000000000000000000000000000000000000000000000000,27.5100002288818359375000000000000000000000000000000000000000000000,27.3899993896484375000000000000000000000000000000000000000000000000
2022-10-28,27.5900001525878906250000000000000000000000000000000000000000000000,25.7500000000000000000000000000000000000000000000000000000000000000,25.7500000000000000000000000000000000000000000000000000000000000000,27.4300003051757812500000000000000000000000000000000000000000000000,25.7500000000000000000000000000000000000000000000000000000000000000
2022-10-31,27.0699996948242187500000000000000000000000000000000000000000000000,25.8400001525878906250000000000000000000000000000000000000000000000,25.8799991607666015625000000000000000000000000000000000000000000000,26.9099998474121093750000000000000000000000000000000000000000000000,25.8799991607666015625000000000000000000000000000000000000000000000
2022-11-01,26.3500003814697265625000000000000000000000000000000000000000000000,25.6599998474121093750000000000000000000000000000000000000000000000,25.8099994659423828125000000000000000000000000000000000000000000000,25.9599990844726562500000000000000000000000000000000000000000000000,25.8099994659423828125000000000000000000000000000000000000000000000
2022-11-02,26.6200008392333984375000000000000000000000000000000000000000000000,25.3899993896484375000000000000000000000000000000000000000000000000,25.8600006103515625000000000000000000000000000000000000000000000000,26.0400009155273437500000000000000000000000000000000000000000000000,25.8600006103515625000000000000000000000000000000000000000000000000
2022-11-03,26.8700008392333984375000000000000000000000000000000000000000000000,25.1000003814697265625000000000000000000000000000000000000000000000,25.2999992370605468750000000000000000000000000000000000000000000000,25.9799995422363281250000000000000000000000000000000000000000000000,25.2999992370605468750000000000000000000000000000000000000000000000
2022-11-04,25.7099990844726562500000000000000000000000000000000000000000000000,24.0000000000000000000000000000000000000000000000000000000000000000,24.5499992370605468750000000000000000000000000000000000000000000000,25.6299991607666015625000000000000000000000000000000000000000000000,24.5499992370605468750000000000000000000000000000000000000000000000
2022-11-07,25.6700000762939453125000000000000000000000000000000000000000000000,24.3400001525878906250000000000000000000000000000000000000000000000,24.3500003814697265625000000000000000000000000000000000000000000000,25.6700000762939453125000000000000000000000000000000000000000000000,24.3500003814697265625000000000000000000000000000000000000000000000
2022-11-08,26.1599998474121093750000000000000000000000000000000000000000000000,24.2399997711181640625000000000000000000000000000000000000000000000,25.5400009155273437500000000000000000000000000000000000000000000000,24.7099990844726562500000000000000000000000000000000000000000000000,25.5400009155273437500000000000000000000000000000000000000000000000
2022-11-09,26.3500003814697265625000000000000000000000000000000000000000000000,25.0200004577636718750000000000000000000000000000000000000000000000,26.0900001525878906250000000000000000000000000000000000000000000000,25.3400001525878906250000000000000000000000000000000000000000000000,26.0900001525878906250000000000000000000000000000000000000000000000
2022-11-10,26.5900001525878906250000000000000000000000000000000000000000000000,22.8400001525878906250000000000000000000000000000000000000000000000,23.5300006866455078125000000000000000000000000000000000000000000000,26.5100002288818359375000000000000000000000000000000000000000000000,23.5300006866455078125000000000000000000000000000000000000000000000
2022-11-11,23.9099998474121093750000000000000000000000000000000000000000000000,22.3700008392333984375000000000000000000000000000000000000000000000,22.5200004577636718750000000000000000000000000000000000000000000000,23.8899993896484375000000000000000000000000000000000000000000000000,22.5200004577636718750000000000000000000000000000000000000000000000
2022-11-14,24.3299999237060546875000000000000000000000000000000000000000000000,22.8600006103515625000000000000000000000000000000000000000000000000,23.7299995422363281250000000000000000000000000000000000000000000000,23.9899997711181640625000000000000000000000000000000000000000000000,23.7299995422363281250000000000000000000000000000000000000000000000
2022-11-15,26.2199993133544921875000000000000000000000000000000000000000000000,23.1800003051757812500000000000000000000000000000000000000000000000,24.5400009155273437500000000000000000000000000000000000000000000000,23.7700004577636718750000000000000000000000000000000000000000000000,24.5400009155273437500000000000000000000000000000000000000000000000
2022-11-16,24.7199993133544921875000000000000000000000000000000000000000000000,23.9899997711181640625000000000000000000000000000000000000000000000,24.1100006103515625000000000000000000000000000000000000000000000000,24.2900009155273437500000000000000000000000000000000000000000000000,24.1100006103515625000000000000000000000000000000000000000000000000
2022-11-17,25.1800003051757812500000000000000000000000000000000000000000000000,23.8099994659423828125000000000000000000000000000000000000000000000,23.9300003051757812500000000000000000000000000000000000000000000000,24.0499992370605468750000000000000000000000000000000000000000000000,23.9300003051757812500000000000000000000000000000000000000000000000
2022-11-18,24.1200008392333984375000000000000000000000000000000000000000000000,22.9799995422363281250000000000000000000000000000000000000000000000,23.1200008392333984375000000000000000000000000000000000000000000000,24.0300006866455078125000000000000000000000000000000000000000000000,23.1200008392333984375000000000000000000000000000000000000000000000
2022-11-21,24.1200008392333984375000000000000000000000000000000000000000000000,22.2999992370605468750000000000000000000000000000000000000000000000,22.3600006103515625000000000000000000000000000000000000000000000000,24.0499992370605468750000000000000000000000000000000000000000000000,22.3600006103515625000000000000000000000000000000000000000000000000
2022-11-22,22.7099990844726562500000000000000000000000000000000000000000000000,21.2800006866455078125000000000000000000000000000000000000000000000,21.2900009155273437500000000000000000000000000000000000000000000000,22.5900001525878906250000000000000000000000000000000000000000000000,21.2900009155273437500000000000000000000000000000000000000000000000
2022-11-23,21.7800006866455078125000000000000000000000000000000000000000000000,20.3199996948242187500000000000000000000000000000000000000000000000,20.3500003814697265625000000000000000000000000000000000000000000000,21.4899997711181640625000000000000000000000000000000000000000000000,20.3500003814697265625000000000000000000000000000000000000000000000
2022-11-25,21.1100006103515625000000000000000000000000000000000000000000000000,20.4599990844726562500000000000000000000000000000000000000000000000,20.5000000000000000000000000000000000000000000000000000000000000000,20.6100006103515625000000000000000000000000000000000000000000000000,20.5000000000000000000000000000000000000000000000000000000000000000
2022-11-28,22.5000000000000000000000000000000000000000000000000000000000000000,21.6499996185302734375000000000000000000000000000000000000000000000,22.2099990844726562500000000000000000000000000000000000000000000000,22.0900001525878906250000000000000000000000000000000000000000000000,22.2099990844726562500000000000000000000000000000000000000000000000
2022-11-29,22.5699996948242187500000000000000000000000000000000000000000000000,21.8299999237060546875000000000000000000000000000000000000000000000,21.8899993896484375000000000000000000000000000000000000000000000000,22.0900001525878906250000000000000000000000000000000000000000000000,21.8899993896484375000000000000000000000000000000000000000000000000
2022-11-30,22.6299991607666015625000000000000000000000000000000000000000000000,20.3099994659423828125000000000000000000000000000000000000000000000,20.5799999237060546875000000000000000000000000000000000000000000000,21.7000007629394531250000000000000000000000000000000000000000000000,20.5799999237060546875000000000000000000000000000000000000000000000
2022-12-01,21.0599994659423828125000000000000000000000000000000000000000000000,19.7999992370605468750000000000000000000000000000000000000000000000,19.8400001525878906250000000000000000000000000000000000000000000000,20.8299999237060546875000000000000000000000000000000000000000000000,19.8400001525878906250000000000000000000000000000000000000000000000
2022-12-02,20.9599990844726562500000000000000000000000000000000000000000000000,18.9500007629394531250000000000000000000000000000000000000000000000,19.0599994659423828125000000000000000000000000000000000000000000000,20.4200000762939453125000000000000000000000000000000000000000000000,19.0599994659423828125000000000000000000000000000000000000000000000
2022-12-05,21.2900009155273437500000000000000000000000000000000000000000000000,19.7800006866455078125000000000000000000000000000000000000000000000,20.7500000000000000000000000000000000000000000000000000000000000000,20.2999992370605468750000000000000000000000000000000000000000000000,20.7500000000000000000000000000000000000000000000000000000000000000
2022-12-06,22.6000003814697265625000000000000000000000000000000000000000000000,20.3799991607666015625000000000000000000000000000000000000000000000,22.1700000762939453125000000000000000000000000000000000000000000000,20.6900005340576171875000000000000000000000000000000000000000000000,22.1700000762939453125000000000000000000000000000000000000000000000
2022-12-07,23.0100002288818359375000000000000000000000000000000000000000000000,22.1800003051757812500000000000000000000000000000000000000000000000,22.6800003051757812500000000000000000000000000000000000000000000000,22.3199996948242187500000000000000000000000000000000000000000000000,22.6800003051757812500000000000000000000000000000000000000000000000
2022-12-08,23.2800006866455078125000000000000000000000000000000000000000000000,22.0599994659423828125000000000000000000000000000000000000000000000,22.2900009155273437500000000000000000000000000000000000000000000000,22.8099994659423828125000000000000000000000000000000000000000000000,22.2900009155273437500000000000000000000000000000000000000000000000
2022-12-09,23.2099990844726562500000000000000000000000000000000000000000000000,22.1800003051757812500000000000000000000000000000000000000000000000,22.8299999237060546875000000000000000000000000000000000000000000000,22.5499992370605468750000000000000000000000000000000000000000000000,22.8299999237060546875000000000000000000000000000000000000000000000
2022-12-12,25.0499992370605468750000000000000000000000000000000000000000000000,24.1800003051757812500000000000000000000000000000000000000000000000,25.0000000000000000000000000000000000000000000000000000000000000000,24.3999996185302734375000000000000000000000000000000000000000000000,25.0000000000000000000000000000000000000000000000000000000000000000
2022-12-13,25.8400001525878906250000000000000000000000000000000000000000000000,21.4599990844726562500000000000000000000000000000000000000000000000,22.5499992370605468750000000000000000000000000000000000000000000000,25.2399997711181640625000000000000000000000000000000000000000000000,22.5499992370605468750000000000000000000000000000000000000000000000
2022-12-14,23.4699993133544921875000000000000000000000000000000000000000000000,21.0699996948242187500000000000000000000000000000000000000000000000,21.1399993896484375000000000000000000000000000000000000000000000000,22.8299999237060546875000000000000000000000000000000000000000000000,21.1399993896484375000000000000000000000000000000000000000000000000
2022-12-15,23.6700000762939453125000000000000000000000000000000000000000000000,21.2500000000000000000000000000000000000000000000000000000000000000,22.8299999237060546875000000000000000000000000000000000000000000000,21.5200004577636718750000000000000000000000000000000000000000000000,22.8299999237060546875000000000000000000000000000000000000000000000
2022-12-16,23.8299999237060546875000000000000000000000000000000000000000000000,22.0900001525878906250000000000000000000000000000000000000000000000,22.6200008392333984375000000000000000000000000000000000000000000000,23.2600002288818359375000000000000000000000000000000000000000000000,22.6200008392333984375000000000000000000000000000000000000000000000
2022-12-19,22.8600006103515625000000000000000000000000000000000000000000000000,21.6100006103515625000000000000000000000000000000000000000000000000,22.4200000762939453125000000000000000000000000000000000000000000000,22.6299991607666015625000000000000000000000000000000000000000000000,22.4200000762939453125000000000000000000000000000000000000000000000
2022-12-20,23.3899993896484375000000000000000000000000000000000000000000000000,21.3500003814697265625000000000000000000000000000000000000000000000,21.4799995422363281250000000000000000000000000000000000000000000000,23.1700000762939453125000000000000000000000000000000000000000000000,21.4799995422363281250000000000000000000000000000000000000000000000
2022-12-21,21.2900009155273437500000000000000000000000000000000000000000000000,19.9400005340576171875000000000000000000000000000000000000000000000,20.0699996948242187500000000000000000000000000000000000000000000000,21.2500000000000000000000000000000000000000000000000000000000000000,20.0699996948242187500000000000000000000000000000000000000000000000
2022-12-22,24.2999992370605468750000000000000000000000000000000000000000000000,20.0100002288818359375000000000000000000000000000000000000000000000,21.9699993133544921875000000000000000000000000000000000000000000000,20.0799999237060546875000000000000000000000000000000000000000000000,21.9699993133544921875000000000000000000000000000000000000000000000
2022-12-23,22.6399993896484375000000000000000000000000000000000000000000000000,20.7800006866455078125000000000000000000000000000000000000000000000,20.8700008392333984375000000000000000000000000000000000000000000000,22.1700000762939453125000000000000000000000000000000000000000000000,20.8700008392333984375000000000000000000000000000000000000000000000
2022-12-27,22.7999992370605468750000000000000000000000000000000000000000000000,21.5900001525878906250000000000000000000000000000000000000000000000,21.6499996185302734375000000000000000000000000000000000000000000000,21.6700000762939453125000000000000000000000000000000000000000000000,21.6499996185302734375000000000000000000000000000000000000000000000
2022-12-28,22.2600002288818359375000000000000000000000000000000000000000000000,20.9599990844726562500000000000000000000000000000000000000000000000,22.1399993896484375000000000000000000000000000000000000000000000000,21.4699993133544921875000000000000000000000000000000000000000000000,22.1399993896484375000000000000000000000000000000000000000000000000
2022-12-29,22.3099994659423828125000000000000000000000000000000000000000000000,21.3600006103515625000000000000000000000000000000000000000000000000,21.4400005340576171875000000000000000000000000000000000000000000000,22.2500000000000000000000000000000000000000000000000000000000000000,21.4400005340576171875000000000000000000000000000000000000000000000
2022-12-30,22.3999996185302734375000000000000000000000000000000000000000000000,21.5900001525878906250000000000000000000000000000000000000000000000,21.6700000762939453125000000000000000000000000000000000000000000000,21.8299999237060546875000000000000000000000000000000000000000000000,21.6700000762939453125000000000000000000000000000000000000000000000
2023-01-03,23.7600002288818359375000000000000000000000000000000000000000000000,22.7299995422363281250000000000000000000000000000000000000000000000,22.8999996185302734375000000000000000000000000000000000000000000000,23.0900001525878906250000000000000000000000000000000000000000000000,22.8999996185302734375000000000000000000000000000000000000000000000
2023-01-04,23.2700004577636718750000000000000000000000000000000000000000000000,21.9400005340576171875000000000000000000000000000000000000000000000,22.0100002288818359375000000000000000000000000000000000000000000000,22.9300003051757812500000000000000000000000000000000000000000000000,22.0100002288818359375000000000000000000000000000000000000000000000
2023-01-05,22.9200000762939453125000000000000000000000000000000000000000000000,21.9699993133544921875000000000000000000000000000000000000000000000,22.4599990844726562500000000000000000000000000000000000000000000000,22.2000007629394531250000000000000000000000000000000000000000000000,22.4599990844726562500000000000000000000000000000000000000000000000
2023-01-06,22.8999996185302734375000000000000000000000000000000000000000000000,21.0000000000000000000000000000000000000000000000000000000000000000,21.1299991607666015625000000000000000000000000000000000000000000000,22.6900005340576171875000000000000000000000000000000000000000000000,21.1299991607666015625000000000000000000000000000000000000000000000
2023-01-09,21.9799995422363281250000000000000000000000000000000000000000000000,21.2700004577636718750000000000000000000000000000000000000000000000,21.9699993133544921875000000000000000000000000000000000000000000000,21.7500000000000000000000000000000000000000000000000000000000000000,21.9699993133544921875000000000000000000000000000000000000000000000
2023-01-10,22.4599990844726562500000000000000000000000000000000000000000000000,20.5799999237060546875000000000000000000000000000000000000000000000,20.5799999237060546875000000000000000000000000000000000000000000000,22.2199993133544921875000000000000000000000000000000000000000000000,20.5799999237060546875000000000000000000000000000000000000000000000
2023-01-11,21.2500000000000000000000000000000000000000000000000000000000000000,20.6200008392333984375000000000000000000000000000000000000000000000,21.0900001525878906250000000000000000000000000000000000000000000000,20.7999992370605468750000000000000000000000000000000000000000000000,21.0900001525878906250000000000000000000000000000000000000000000000
2023-01-12,21.7999992370605468750000000000000000000000000000000000000000000000,18.8299999237060546875000000000000000000000000000000000000000000000,18.8299999237060546875000000000000000000000000000000000000000000000,21.5599994659423828125000000000000000000000000000000000000000000000,18.8299999237060546875000000000000000000000000000000000000000000000
2023-01-13,19.4099998474121093750000000000000000000000000000000000000000000000,18.0100002288818359375000000000000000000000000000000000000000000000,18.3500003814697265625000000000000000000000000000000000000000000000,19.0000000000000000000000000000000000000000000000000000000000000000,18.3500003814697265625000000000000000000000000000000000000000000000
2023-01-17,20.2199993133544921875000000000000000000000000000000000000000000000,19.2099990844726562500000000000000000000000000000000000000000000000,19.3600006103515625000000000000000000000000000000000000000000000000,19.8899993896484375000000000000000000000000000000000000000000000000,19.3600006103515625000000000000000000000000000000000000000000000000
2023-01-18,20.5799999237060546875000000000000000000000000000000000000000000000,18.7099990844726562500000000000000000000000000000000000000000000000,20.3400001525878906250000000000000000000000000000000000000000000000,19.2800006866455078125000000000000000000000000000000000000000000000,20.3400001525878906250000000000000000000000000000000000000000000000
2023-01-19,21.7099990844726562500000000000000000000000000000000000000000000000,20.1700000762939453125000000000000000000000000000000000000000000000,20.5200004577636718750000000000000000000000000000000000000000000000,20.4300003051757812500000000000000000000000000000000000000000000000,20.5200004577636718750000000000000000000000000000000000000000000000
2023-01-20,20.7000007629394531250000000000000000000000000000000000000000000000,19.4099998474121093750000000000000000000000000000000000000000000000,19.8500003814697265625000000000000000000000000000000000000000000000,20.2800006866455078125000000000000000000000000000000000000000000000,19.8500003814697265625000000000000000000000000000000000000000000000
2023-01-23,20.3299999237060546875000000000000000000000000000000000000000000000,19.5499992370605468750000000000000000000000000000000000000000000000,19.8099994659423828125000000000000000000000000000000000000000000000,20.2099990844726562500000000000000000000000000000000000000000000000,19.8099994659423828125000000000000000000000000000000000000000000000
2023-01-24,20.4699993133544921875000000000000000000000000000000000000000000000,18.9099998474121093750000000000000000000000000000000000000000000000,19.2000007629394531250000000000000000000000000000000000000000000000,19.8899993896484375000000000000000000000000000000000000000000000000,19.2000007629394531250000000000000000000000000000000000000000000000
2023-01-25,20.8999996185302734375000000000000000000000000000000000000000000000,18.9899997711181640625000000000000000000000000000000000000000000000,19.0799999237060546875000000000000000000000000000000000000000000000,19.5599994659423828125000000000000000000000000000000000000000000000,19.0799999237060546875000000000000000000000000000000000000000000000
2023-01-26,19.4799995422363281250000000000000000000000000000000000000000000000,18.6700000762939453125000000000000000000000000000000000000000000000,18.7299995422363281250000000000000000000000000000000000000000000000,19.0499992370605468750000000000000000000000000000000000000000000000,18.7299995422363281250000000000000000000000000000000000000000000000
2023-01-27,19.0000000000000000000000000000000000000000000000000000000000000000,17.9699993133544921875000000000000000000000000000000000000000000000,18.5100002288818359375000000000000000000000000000000000000000000000,18.8999996185302734375000000000000000000000000000000000000000000000,18.5100002288818359375000000000000000000000000000000000000000000000
2023-01-30,20.2500000000000000000000000000000000000000000000000000000000000000,19.5400009155273437500000000000000000000000000000000000000000000000,19.9400005340576171875000000000000000000000000000000000000000000000,19.7600002288818359375000000000000000000000000000000000000000000000,19.9400005340576171875000000000000000000000000000000000000000000000
2023-01-31,20.7000007629394531250000000000000000000000000000000000000000000000,19.1299991607666015625000000000000000000000000000000000000000000000,19.3999996185302734375000000000000000000000000000000000000000000000,20.1200008392333984375000000000000000000000000000000000000000000000,19.3999996185302734375000000000000000000000000000000000000000000000
2023-02-01,20.0400009155273437500000000000000000000000000000000000000000000000,17.7000007629394531250000000000000000000000000000000000000000000000,17.8700008392333984375000000000000000000000000000000000000000000000,19.6200008392333984375000000000000000000000000000000000000000000000,17.8700008392333984375000000000000000000000000000000000000000000000
2023-02-02,19.2500000000000000000000000000000000000000000000000000000000000000,17.0599994659423828125000000000000000000000000000000000000000000000,18.7299995422363281250000000000000000000000000000000000000000000000,17.7399997711181640625000000000000000000000000000000000000000000000,18.7299995422363281250000000000000000000000000000000000000000000000
2023-02-03,19.2999992370605468750000000000000000000000000000000000000000000000,17.9300003051757812500000000000000000000000000000000000000000000000,18.3299999237060546875000000000000000000000000000000000000000000000,18.5699996948242187500000000000000000000000000000000000000000000000,18.3299999237060546875000000000000000000000000000000000000000000000
2023-02-06,19.8099994659423828125000000000000000000000000000000000000000000000,19.2099990844726562500000000000000000000000000000000000000000000000,19.4300003051757812500000000000000000000000000000000000000000000000,19.2299995422363281250000000000000000000000000000000000000000000000,19.4300003051757812500000000000000000000000000000000000000000000000
2023-02-07,19.9899997711181640625000000000000000000000000000000000000000000000,18.4300003051757812500000000000000000000000000000000000000000000000,18.6599998474121093750000000000000000000000000000000000000000000000,19.5400009155273437500000000000000000000000000000000000000000000000,18.6599998474121093750000000000000000000000000000000000000000000000
2023-02-08,20.1200008392333984375000000000000000000000000000000000000000000000,18.5499992370605468750000000000000000000000000000000000000000000000,19.6299991607666015625000000000000000000000000000000000000000000000,18.8799991607666015625000000000000000000000000000000000000000000000,19.6299991607666015625000000000000000000000000000000000000000000000
2023-02-09,21.0799999237060546875000000000000000000000000000000000000000000000,19.0200004577636718750000000000000000000000000000000000000000000000,20.7099990844726562500000000000000000000000000000000000000000000000,19.2399997711181640625000000000000000000000000000000000000000000000,20.7099990844726562500000000000000000000000000000000000000000000000
2023-02-10,21.9400005340576171875000000000000000000000000000000000000000000000,20.4400005340576171875000000000000000000000000000000000000000000000,20.5300006866455078125000000000000000000000000000000000000000000000,20.7399997711181640625000000000000000000000000000000000000000000000,20.5300006866455078125000000000000000000000000000000000000000000000
2023-02-13,21.6900005340576171875000000000000000000000000000000000000000000000,20.3299999237060546875000000000000000000000000000000000000000000000,20.3400001525878906250000000000000000000000000000000000000000000000,21.6599998474121093750000000000000000000000000000000000000000000000,20.3400001525878906250000000000000000000000000000000000000000000000
2023-02-14,20.7500000000000000000000000000000000000000000000000000000000000000,18.4799995422363281250000000000000000000000000000000000000000000000,18.9099998474121093750000000000000000000000000000000000000000000000,20.7199993133544921875000000000000000000000000000000000000000000000,18.9099998474121093750000000000000000000000000000000000000000000000
2023-02-15,19.4099998474121093750000000000000000000000000000000000000000000000,18.1100006103515625000000000000000000000000000000000000000000000000,18.2299995422363281250000000000000000000000000000000000000000000000,19.3700008392333984375000000000000000000000000000000000000000000000,18.2299995422363281250000000000000000000000000000000000000000000000
2023-02-16,20.2700004577636718750000000000000000000000000000000000000000000000,18.2299995422363281250000000000000000000000000000000000000000000000,20.1700000762939453125000000000000000000000000000000000000000000000,18.2600002288818359375000000000000000000000000000000000000000000000,20.1700000762939453125000000000000000000000000000000000000000000000
2023-02-17,21.2999992370605468750000000000000000000000000000000000000000000000,19.8199996948242187500000000000000000000000000000000000000000000000,20.0200004577636718750000000000000000000000000000000000000000000000,20.9400005340576171875000000000000000000000000000000000000000000000,20.0200004577636718750000000000000000000000000000000000000000000000
2023-02-21,23.3400001525878906250000000000000000000000000000000000000000000000,21.7999992370605468750000000000000000000000000000000000000000000000,22.8700008392333984375000000000000000000000000000000000000000000000,21.7999992370605468750000000000000000000000000000000000000000000000,22.8700008392333984375000000000000000000000000000000000000000000000
2023-02-22,23.6299991607666015625000000000000000000000000000000000000000000000,22.0200004577636718750000000000000000000000000000000000000000000000,22.2900009155273437500000000000000000000000000000000000000000000000,23.0300006866455078125000000000000000000000000000000000000000000000,22.2900009155273437500000000000000000000000000000000000000000000000
2023-02-23,22.4300003051757812500000000000000000000000000000000000000000000000,20.8899993896484375000000000000000000000000000000000000000000000000,21.1399993896484375000000000000000000000000000000000000000000000000,21.9599990844726562500000000000000000000000000000000000000000000000,21.1399993896484375000000000000000000000000000000000000000000000000
2023-02-24,22.8999996185302734375000000000000000000000000000000000000000000000,21.3199996948242187500000000000000000000000000000000000000000000000,21.6700000762939453125000000000000000000000000000000000000000000000,21.3500003814697265625000000000000000000000000000000000000000000000,21.6700000762939453125000000000000000000000000000000000000000000000
2023-02-27,22.0200004577636718750000000000000000000000000000000000000000000000,20.6800003051757812500000000000000000000000000000000000000000000000,20.9500007629394531250000000000000000000000000000000000000000000000,21.9899997711181640625000000000000000000000000000000000000000000000,20.9500007629394531250000000000000000000000000000000000000000000000
2023-02-28,21.3700008392333984375000000000000000000000000000000000000000000000,20.1000003814697265625000000000000000000000000000000000000000000000,20.7000007629394531250000000000000000000000000000000000000000000000,21.2999992370605468750000000000000000000000000000000000000000000000,20.7000007629394531250000000000000000000000000000000000000000000000
2023-03-01,21.3199996948242187500000000000000000000000000000000000000000000000,20.2199993133544921875000000000000000000000000000000000000000000000,20.5799999237060546875000000000000000000000000000000000000000000000,20.3899993896484375000000000000000000000000000000000000000000000000,20.5799999237060546875000000000000000000000000000000000000000000000
2023-03-02,21.4200000762939453125000000000000000000000000000000000000000000000,19.5499992370605468750000000000000000000000000000000000000000000000,19.5900001525878906250000000000000000000000000000000000000000000000,21.4099998474121093750000000000000000000000000000000000000000000000,19.5900001525878906250000000000000000000000000000000000000000000000
2023-03-03,19.7600002288818359375000000000000000000000000000000000000000000000,18.1599998474121093750000000000000000000000000000000000000000000000,18.4899997711181640625000000000000000000000000000000000000000000000,19.7600002288818359375000000000000000000000000000000000000000000000,18.4899997711181640625000000000000000000000000000000000000000000000
2023-03-06,19.1900005340576171875000000000000000000000000000000000000000000000,18.4899997711181640625000000000000000000000000000000000000000000000,18.6100006103515625000000000000000000000000000000000000000000000000,19.0499992370605468750000000000000000000000000000000000000000000000,18.6100006103515625000000000000000000000000000000000000000000000000
2023-03-07,19.7399997711181640625000000000000000000000000000000000000000000000,18.5100002288818359375000000000000000000000000000000000000000000000,19.5900001525878906250000000000000000000000000000000000000000000000,18.6399993896484375000000000000000000000000000000000000000000000000,19.5900001525878906250000000000000000000000000000000000000000000000
2023-03-08,20.0100002288818359375000000000000000000000000000000000000000000000,19.0000000000000000000000000000000000000000000000000000000000000000,19.1100006103515625000000000000000000000000000000000000000000000000,19.7099990844726562500000000000000000000000000000000000000000000000,19.1100006103515625000000000000000000000000000000000000000000000000
2023-03-09,23.1399993896484375000000000000000000000000000000000000000000000000,18.8799991607666015625000000000000000000000000000000000000000000000,22.6100006103515625000000000000000000000000000000000000000000000000,19.3299999237060546875000000000000000000000000000000000000000000000,22.6100006103515625000000000000000000000000000000000000000000000000
2023-03-10,28.9699993133544921875000000000000000000000000000000000000000000000,21.7900009155273437500000000000000000000000000000000000000000000000,24.7999992370605468750000000000000000000000000000000000000000000000,23.3400001525878906250000000000000000000000000000000000000000000000,24.7999992370605468750000000000000000000000000000000000000000000000
2023-03-13,30.8099994659423828125000000000000000000000000000000000000000000000,23.8500003814697265625000000000000000000000000000000000000000000000,26.5200004577636718750000000000000000000000000000000000000000000000,24.0499992370605468750000000000000000000000000000000000000000000000,26.5200004577636718750000000000000000000000000000000000000000000000
2023-03-14,27.2399997711181640625000000000000000000000000000000000000000000000,22.2700004577636718750000000000000000000000000000000000000000000000,23.7299995422363281250000000000000000000000000000000000000000000000,26.8500003814697265625000000000000000000000000000000000000000000000,23.7299995422363281250000000000000000000000000000000000000000000000
2023-03-15,29.9099998474121093750000000000000000000000000000000000000000000000,23.1900005340576171875000000000000000000000000000000000000000000000,26.1399993896484375000000000000000000000000000000000000000000000000,23.2099990844726562500000000000000000000000000000000000000000000000,26.1399993896484375000000000000000000000000000000000000000000000000
2023-03-16,27.4899997711181640625000000000000000000000000000000000000000000000,22.9699993133544921875000000000000000000000000000000000000000000000,22.9899997711181640625000000000000000000000000000000000000000000000,26.1900005340576171875000000000000000000000000000000000000000000000,22.9899997711181640625000000000000000000000000000000000000000000000
2023-03-17,26.1399993896484375000000000000000000000000000000000000000000000000,22.5799999237060546875000000000000000000000000000000000000000000000,25.5100002288818359375000000000000000000000000000000000000000000000,22.9200000762939453125000000000000000000000000000000000000000000000,25.5100002288818359375000000000000000000000000000000000000000000000
2023-03-20,28.9099998474121093750000000000000000000000000000000000000000000000,24.0000000000000000000000000000000000000000000000000000000000000000,24.1499996185302734375000000000000000000000000000000000000000000000,27.7700004577636718750000000000000000000000000000000000000000000000,24.1499996185302734375000000000000000000000000000000000000000000000
2023-03-21,24.1599998474121093750000000000000000000000000000000000000000000000,21.2900009155273437500000000000000000000000000000000000000000000000,21.3799991607666015625000000000000000000000000000000000000000000000,24.1599998474121093750000000000000000000000000000000000000000000000,21.3799991607666015625000000000000000000000000000000000000000000000
2023-03-22,22.3799991607666015625000000000000000000000000000000000000000000000,19.9400005340576171875000000000000000000000000000000000000000000000,22.2600002288818359375000000000000000000000000000000000000000000000,21.7999992370605468750000000000000000000000000000000000000000000000,22.2600002288818359375000000000000000000000000000000000000000000000
2023-03-23,24.9099998474121093750000000000000000000000000000000000000000000000,20.1599998474121093750000000000000000000000000000000000000000000000,22.6100006103515625000000000000000000000000000000000000000000000000,21.5400009155273437500000000000000000000000000000000000000000000000,22.6100006103515625000000000000000000000000000000000000000000000000
2023-03-24,25.2099990844726562500000000000000000000000000000000000000000000000,21.6000003814697265625000000000000000000000000000000000000000000000,21.7399997711181640625000000000000000000000000000000000000000000000,22.1100006103515625000000000000000000000000000000000000000000000000,21.7399997711181640625000000000000000000000000000000000000000000000
2023-03-27,22.9300003051757812500000000000000000000000000000000000000000000000,20.5699996948242187500000000000000000000000000000000000000000000000,20.6000003814697265625000000000000000000000000000000000000000000000,22.0499992370605468750000000000000000000000000000000000000000000000,20.6000003814697265625000000000000000000000000000000000000000000000
2023-03-28,21.3999996185302734375000000000000000000000000000000000000000000000,19.9099998474121093750000000000000000000000000000000000000000000000,19.9699993133544921875000000000000000000000000000000000000000000000,20.5300006866455078125000000000000000000000000000000000000000000000,19.9699993133544921875000000000000000000000000000000000000000000000
2023-03-29,19.4500007629394531250000000000000000000000000000000000000000000000,19.0900001525878906250000000000000000000000000000000000000000000000,19.1200008392333984375000000000000000000000000000000000000000000000,19.3899993896484375000000000000000000000000000000000000000000000000,19.1200008392333984375000000000000000000000000000000000000000000000
2023-03-30,20.0799999237060546875000000000000000000000000000000000000000000000,18.8500003814697265625000000000000000000000000000000000000000000000,19.0200004577636718750000000000000000000000000000000000000000000000,19.1200008392333984375000000000000000000000000000000000000000000000,19.0200004577636718750000000000000000000000000000000000000000000000
2023-03-31,19.4300003051757812500000000000000000000000000000000000000000000000,18.5200004577636718750000000000000000000000000000000000000000000000,18.7000007629394531250000000000000000000000000000000000000000000000,19.2099990844726562500000000000000000000000000000000000000000000000,18.7000007629394531250000000000000000000000000000000000000000000000
2023-04-03,19.8299999237060546875000000000000000000000000000000000000000000000,18.5400009155273437500000000000000000000000000000000000000000000000,18.5499992370605468750000000000000000000000000000000000000000000000,19.7900009155273437500000000000000000000000000000000000000000000000,18.5499992370605468750000000000000000000000000000000000000000000000
2023-04-04,20.0300006866455078125000000000000000000000000000000000000000000000,18.5799999237060546875000000000000000000000000000000000000000000000,19.0000000000000000000000000000000000000000000000000000000000000000,18.7900009155273437500000000000000000000000000000000000000000000000,19.0000000000000000000000000000000000000000000000000000000000000000
2023-04-05,20.0799999237060546875000000000000000000000000000000000000000000000,19.0000000000000000000000000000000000000000000000000000000000000000,19.0799999237060546875000000000000000000000000000000000000000000000,19.4200000762939453125000000000000000000000000000000000000000000000,19.0799999237060546875000000000000000000000000000000000000000000000
2023-04-06,19.8799991607666015625000000000000000000000000000000000000000000000,18.3500003814697265625000000000000000000000000000000000000000000000,18.3999996185302734375000000000000000000000000000000000000000000000,19.2999992370605468750000000000000000000000000000000000000000000000,18.3999996185302734375000000000000000000000000000000000000000000000
2023-04-10,20.0499992370605468750000000000000000000000000000000000000000000000,18.9300003051757812500000000000000000000000000000000000000000000000,18.9699993133544921875000000000000000000000000000000000000000000000,19.3899993896484375000000000000000000000000000000000000000000000000,18.9699993133544921875000000000000000000000000000000000000000000000
2023-04-11,19.2800006866455078125000000000000000000000000000000000000000000000,18.5599994659423828125000000000000000000000000000000000000000000000,19.1000003814697265625000000000000000000000000000000000000000000000,19.0799999237060546875000000000000000000000000000000000000000000000,19.1000003814697265625000000000000000000000000000000000000000000000
2023-04-12,19.9799995422363281250000000000000000000000000000000000000000000000,18.2500000000000000000000000000000000000000000000000000000000000000,19.0900001525878906250000000000000000000000000000000000000000000000,19.3799991607666015625000000000000000000000000000000000000000000000,19.0900001525878906250000000000000000000000000000000000000000000000
2023-04-13,19.0599994659423828125000000000000000000000000000000000000000000000,17.7700004577636718750000000000000000000000000000000000000000000000,17.7999992370605468750000000000000000000000000000000000000000000000,18.8299999237060546875000000000000000000000000000000000000000000000,17.7999992370605468750000000000000000000000000000000000000000000000
2023-04-14,18.1200008392333984375000000000000000000000000000000000000000000000,17.0699996948242187500000000000000000000000000000000000000000000000,17.0699996948242187500000000000000000000000000000000000000000000000,17.9400005340576171875000000000000000000000000000000000000000000000,17.0699996948242187500000000000000000000000000000000000000000000000
2023-04-17,17.7900009155273437500000000000000000000000000000000000000000000000,16.8999996185302734375000000000000000000000000000000000000000000000,16.9500007629394531250000000000000000000000000000000000000000000000,17.5799999237060546875000000000000000000000000000000000000000000000,16.9500007629394531250000000000000000000000000000000000000000000000
2023-04-18,17.3400001525878906250000000000000000000000000000000000000000000000,16.5799999237060546875000000000000000000000000000000000000000000000,16.8299999237060546875000000000000000000000000000000000000000000000,16.9400005340576171875000000000000000000000000000000000000000000000,16.8299999237060546875000000000000000000000000000000000000000000000
2023-04-19,17.7199993133544921875000000000000000000000000000000000000000000000,16.1700000762939453125000000000000000000000000000000000000000000000,16.4599990844726562500000000000000000000000000000000000000000000000,17.2999992370605468750000000000000000000000000000000000000000000000,16.4599990844726562500000000000000000000000000000000000000000000000
2023-04-20,17.6900005340576171875000000000000000000000000000000000000000000000,16.3299999237060546875000000000000000000000000000000000000000000000,17.1700000762939453125000000000000000000000000000000000000000000000,16.8500003814697265625000000000000000000000000000000000000000000000,17.1700000762939453125000000000000000000000000000000000000000000000
2023-04-21,17.7099990844726562500000000000000000000000000000000000000000000000,16.5799999237060546875000000000000000000000000000000000000000000000,16.7700004577636718750000000000000000000000000000000000000000000000,17.5100002288818359375000000000000000000000000000000000000000000000,16.7700004577636718750000000000000000000000000000000000000000000000
2023-04-24,18.2399997711181640625000000000000000000000000000000000000000000000,16.7399997711181640625000000000000000000000000000000000000000000000,16.8899993896484375000000000000000000000000000000000000000000000000,18.2199993133544921875000000000000000000000000000000000000000000000,16.8899993896484375000000000000000000000000000000000000000000000000
2023-04-25,19.8600006103515625000000000000000000000000000000000000000000000000,17.3299999237060546875000000000000000000000000000000000000000000000,18.7600002288818359375000000000000000000000000000000000000000000000,17.6200008392333984375000000000000000000000000000000000000000000000,18.7600002288818359375000000000000000000000000000000000000000000000
2023-04-26,19.6100006103515625000000000000000000000000000000000000000000000000,17.8700008392333984375000000000000000000000000000000000000000000000,18.8400001525878906250000000000000000000000000000000000000000000000,18.6599998474121093750000000000000000000000000000000000000000000000,18.8400001525878906250000000000000000000000000000000000000000000000
2023-04-27,18.4300003051757812500000000000000000000000000000000000000000000000,16.7199993133544921875000000000000000000000000000000000000000000000,17.0300006866455078125000000000000000000000000000000000000000000000,18.4300003051757812500000000000000000000000000000000000000000000000,17.0300006866455078125000000000000000000000000000000000000000000000
2023-04-28,17.6499996185302734375000000000000000000000000000000000000000000000,15.7200002670288085937500000000000000000000000000000000000000000000,15.7799997329711914062500000000000000000000000000000000000000000000,17.2099990844726562500000000000000000000000000000000000000000000000,15.7799997329711914062500000000000000000000000000000000000000000000
2023-05-01,16.6200008392333984375000000000000000000000000000000000000000000000,15.5299997329711914062500000000000000000000000000000000000000000000,16.0799999237060546875000000000000000000000000000000000000000000000,16.4099998474121093750000000000000000000000000000000000000000000000,16.0799999237060546875000000000000000000000000000000000000000000000
2023-05-02,19.8099994659423828125000000000000000000000000000000000000000000000,16.2600002288818359375000000000000000000000000000000000000000000000,17.7800006866455078125000000000000000000000000000000000000000000000,16.2700004577636718750000000000000000000000000000000000000000000000,17.7800006866455078125000000000000000000000000000000000000000000000
2023-05-03,18.8299999237060546875000000000000000000000000000000000000000000000,17.1900005340576171875000000000000000000000000000000000000000000000,18.3400001525878906250000000000000000000000000000000000000000000000,17.8199996948242187500000000000000000000000000000000000000000000000,18.3400001525878906250000000000000000000000000000000000000000000000
2023-05-04,21.3299999237060546875000000000000000000000000000000000000000000000,18.6700000762939453125000000000000000000000000000000000000000000000,20.0900001525878906250000000000000000000000000000000000000000000000,19.1700000762939453125000000000000000000000000000000000000000000000,20.0900001525878906250000000000000000000000000000000000000000000000
2023-05-05,19.6299991607666015625000000000000000000000000000000000000000000000,16.6900005340576171875000000000000000000000000000000000000000000000,17.1900005340576171875000000000000000000000000000000000000000000000,19.5000000000000000000000000000000000000000000000000000000000000000,17.1900005340576171875000000000000000000000000000000000000000000000
2023-05-08,17.8799991607666015625000000000000000000000000000000000000000000000,16.8299999237060546875000000000000000000000000000000000000000000000,16.9799995422363281250000000000000000000000000000000000000000000000,17.7299995422363281250000000000000000000000000000000000000000000000,16.9799995422363281250000000000000000000000000000000000000000000000
2023-05-09,17.8600006103515625000000000000000000000000000000000000000000000000,17.2199993133544921875000000000000000000000000000000000000000000000,17.7099990844726562500000000000000000000000000000000000000000000000,17.2900009155273437500000000000000000000000000000000000000000000000,17.7099990844726562500000000000000000000000000000000000000000000000
2023-05-10,18.3099994659423828125000000000000000000000000000000000000000000000,16.3600006103515625000000000000000000000000000000000000000000000000,16.9400005340576171875000000000000000000000000000000000000000000000,17.5799999237060546875000000000000000000000000000000000000000000000,16.9400005340576171875000000000000000000000000000000000000000000000
2023-05-11,18.1900005340576171875000000000000000000000000000000000000000000000,16.6299991607666015625000000000000000000000000000000000000000000000,16.9300003051757812500000000000000000000000000000000000000000000000,16.7999992370605468750000000000000000000000000000000000000000000000,16.9300003051757812500000000000000000000000000000000000000000000000
2023-05-12,17.9200000762939453125000000000000000000000000000000000000000000000,16.3799991607666015625000000000000000000000000000000000000000000000,17.0300006866455078125000000000000000000000000000000000000000000000,16.8299999237060546875000000000000000000000000000000000000000000000,17.0300006866455078125000000000000000000000000000000000000000000000
2023-05-15,18.1599998474121093750000000000000000000000000000000000000000000000,17.0799999237060546875000000000000000000000000000000000000000000000,17.1200008392333984375000000000000000000000000000000000000000000000,17.4400005340576171875000000000000000000000000000000000000000000000,17.1200008392333984375000000000000000000000000000000000000000000000
2023-05-16,18.2999992370605468750000000000000000000000000000000000000000000000,17.2600002288818359375000000000000000000000000000000000000000000000,17.9899997711181640625000000000000000000000000000000000000000000000,17.5400009155273437500000000000000000000000000000000000000000000000,17.9899997711181640625000000000000000000000000000000000000000000000
2023-05-17,18.2600002288818359375000000000000000000000000000000000000000000000,16.6800003051757812500000000000000000000000000000000000000000000000,16.8700008392333984375000000000000000000000000000000000000000000000,17.9599990844726562500000000000000000000000000000000000000000000000,16.8700008392333984375000000000000000000000000000000000000000000000
2023-05-18,17.1499996185302734375000000000000000000000000000000000000000000000,16.0499992370605468750000000000000000000000000000000000000000000000,16.0499992370605468750000000000000000000000000000000000000000000000,16.9200000762939453125000000000000000000000000000000000000000000000,16.0499992370605468750000000000000000000000000000000000000000000000
2023-05-19,17.3600006103515625000000000000000000000000000000000000000000000000,15.8500003814697265625000000000000000000000000000000000000000000000,16.8099994659423828125000000000000000000000000000000000000000000000,16.1299991607666015625000000000000000000000000000000000000000000000,16.8099994659423828125000000000000000000000000000000000000000000000
2023-05-22,18.1299991607666015625000000000000000000000000000000000000000000000,16.8199996948242187500000000000000000000000000000000000000000000000,17.2099990844726562500000000000000000000000000000000000000000000000,17.4500007629394531250000000000000000000000000000000000000000000000,17.2099990844726562500000000000000000000000000000000000000000000000
2023-05-23,19.3099994659423828125000000000000000000000000000000000000000000000,17.2999992370605468750000000000000000000000000000000000000000000000,18.5300006866455078125000000000000000000000000000000000000000000000,17.3500003814697265625000000000000000000000000000000000000000000000,18.5300006866455078125000000000000000000000000000000000000000000000
2023-05-24,20.8099994659423828125000000000000000000000000000000000000000000000,18.7999992370605468750000000000000000000000000000000000000000000000,20.0300006866455078125000000000000000000000000000000000000000000000,18.7999992370605468750000000000000000000000000000000000000000000000,20.0300006866455078125000000000000000000000000000000000000000000000
2023-05-25,19.9500007629394531250000000000000000000000000000000000000000000000,18.7000007629394531250000000000000000000000000000000000000000000000,19.1399993896484375000000000000000000000000000000000000000000000000,19.5400009155273437500000000000000000000000000000000000000000000000,19.1399993896484375000000000000000000000000000000000000000000000000
2023-05-26,19.5599994659423828125000000000000000000000000000000000000000000000,17.2700004577636718750000000000000000000000000000000000000000000000,17.9500007629394531250000000000000000000000000000000000000000000000,19.0699996948242187500000000000000000000000000000000000000000000000,17.9500007629394531250000000000000000000000000000000000000000000000
2023-05-30,18.3400001525878906250000000000000000000000000000000000000000000000,16.9799995422363281250000000000000000000000000000000000000000000000,17.4599990844726562500000000000000000000000000000000000000000000000,17.5599994659423828125000000000000000000000000000000000000000000000,17.4599990844726562500000000000000000000000000000000000000000000000
2023-05-31,18.3999996185302734375000000000000000000000000000000000000000000000,17.1200008392333984375000000000000000000000000000000000000000000000,17.9400005340576171875000000000000000000000000000000000000000000000,18.0400009155273437500000000000000000000000000000000000000000000000,17.9400005340576171875000000000000000000000000000000000000000000000
2023-06-01,17.5900001525878906250000000000000000000000000000000000000000000000,15.5799999237060546875000000000000000000000000000000000000000000000,15.6499996185302734375000000000000000000000000000000000000000000000,17.2399997711181640625000000000000000000000000000000000000000000000,15.6499996185302734375000000000000000000000000000000000000000000000
2023-06-02,15.6499996185302734375000000000000000000000000000000000000000000000,14.4200000762939453125000000000000000000000000000000000000000000000,14.6000003814697265625000000000000000000000000000000000000000000000,15.6499996185302734375000000000000000000000000000000000000000000000,14.6000003814697265625000000000000000000000000000000000000000000000
2023-06-05,15.2899999618530273437500000000000000000000000000000000000000000000,14.6599998474121093750000000000000000000000000000000000000000000000,14.7299995422363281250000000000000000000000000000000000000000000000,15.2799997329711914062500000000000000000000000000000000000000000000,14.7299995422363281250000000000000000000000000000000000000000000000
2023-06-06,14.9700002670288085937500000000000000000000000000000000000000000000,13.9499998092651367187500000000000000000000000000000000000000000000,13.9600000381469726562500000000000000000000000000000000000000000000,14.9099998474121093750000000000000000000000000000000000000000000000,13.9600000381469726562500000000000000000000000000000000000000000000
2023-06-07,14.2899999618530273437500000000000000000000000000000000000000000000,13.7700004577636718750000000000000000000000000000000000000000000000,13.9399995803833007812500000000000000000000000000000000000000000000,14.1400003433227539062500000000000000000000000000000000000000000000,13.9399995803833007812500000000000000000000000000000000000000000000
2023-06-08,14.2100000381469726562500000000000000000000000000000000000000000000,13.5299997329711914062500000000000000000000000000000000000000000000,13.6499996185302734375000000000000000000000000000000000000000000000,14.1400003433227539062500000000000000000000000000000000000000000000,13.6499996185302734375000000000000000000000000000000000000000000000
2023-06-09,14.1400003433227539062500000000000000000000000000000000000000000000,13.5000000000000000000000000000000000000000000000000000000000000000,13.8299999237060546875000000000000000000000000000000000000000000000,13.7799997329711914062500000000000000000000000000000000000000000000,13.8299999237060546875000000000000000000000000000000000000000000000
2023-06-12,15.0200004577636718750000000000000000000000000000000000000000000000,14.3199996948242187500000000000000000000000000000000000000000000000,15.0100002288818359375000000000000000000000000000000000000000000000,14.4399995803833007812500000000000000000000000000000000000000000000,15.0100002288818359375000000000000000000000000000000000000000000000
2023-06-13,15.0600004196166992187500000000000000000000000000000000000000000000,14.4700002670288085937500000000000000000000000000000000000000000000,14.6099996566772460937500000000000000000000000000000000000000000000,14.9899997711181640625000000000000000000000000000000000000000000000,14.6099996566772460937500000000000000000000000000000000000000000000
2023-06-14,14.7299995422363281250000000000000000000000000000000000000000000000,13.8299999237060546875000000000000000000000000000000000000000000000,13.8800001144409179687500000000000000000000000000000000000000000000,14.4799995422363281250000000000000000000000000000000000000000000000,13.8800001144409179687500000000000000000000000000000000000000000000
2023-06-15,14.5200004577636718750000000000000000000000000000000000000000000000,13.7899999618530273437500000000000000000000000000000000000000000000,14.5000000000000000000000000000000000000000000000000000000000000000,14.0900001525878906250000000000000000000000000000000000000000000000,14.5000000000000000000000000000000000000000000000000000000000000000
2023-06-16,14.5399999618530273437500000000000000000000000000000000000000000000,13.4799995422363281250000000000000000000000000000000000000000000000,13.5399999618530273437500000000000000000000000000000000000000000000,14.4899997711181640625000000000000000000000000000000000000000000000,13.5399999618530273437500000000000000000000000000000000000000000000
2023-06-20,14.6700000762939453125000000000000000000000000000000000000000000000,13.8599996566772460937500000000000000000000000000000000000000000000,13.8800001144409179687500000000000000000000000000000000000000000000,14.3599996566772460937500000000000000000000000000000000000000000000,13.8800001144409179687500000000000000000000000000000000000000000000
2023-06-21,13.8900003433227539062500000000000000000000000000000000000000000000,13.1000003814697265625000000000000000000000000000000000000000000000,13.1999998092651367187500000000000000000000000000000000000000000000,13.8800001144409179687500000000000000000000000000000000000000000000,13.1999998092651367187500000000000000000000000000000000000000000000
2023-06-22,13.9799995422363281250000000000000000000000000000000000000000000000,12.7299995422363281250000000000000000000000000000000000000000000000,12.9099998474121093750000000000000000000000000000000000000000000000,13.8800001144409179687500000000000000000000000000000000000000000000,12.9099998474121093750000000000000000000000000000000000000000000000
2023-06-23,13.8000001907348632812500000000000000000000000000000000000000000000,12.8800001144409179687500000000000000000000000000000000000000000000,13.4399995803833007812500000000000000000000000000000000000000000000,13.2399997711181640625000000000000000000000000000000000000000000000,13.4399995803833007812500000000000000000000000000000000000000000000
2023-06-26,14.7100000381469726562500000000000000000000000000000000000000000000,13.7799997329711914062500000000000000000000000000000000000000000000,14.2500000000000000000000000000000000000000000000000000000000000000,14.4300003051757812500000000000000000000000000000000000000000000000,14.2500000000000000000000000000000000000000000000000000000000000000
2023-06-27,14.3400001525878906250000000000000000000000000000000000000000000000,13.5900001525878906250000000000000000000000000000000000000000000000,13.7399997711181640625000000000000000000000000000000000000000000000,14.1099996566772460937500000000000000000000000000000000000000000000,13.7399997711181640625000000000000000000000000000000000000000000000
2023-06-28,13.9600000381469726562500000000000000000000000000000000000000000000,13.3599996566772460937500000000000000000000000000000000000000000000,13.4300003051757812500000000000000000000000000000000000000000000000,13.8999996185302734375000000000000000000000000000000000000000000000,13.4300003051757812500000000000000000000000000000000000000000000000
2023-06-29,13.8500003814697265625000000000000000000000000000000000000000000000,13.4099998474121093750000000000000000000000000000000000000000000000,13.5399999618530273437500000000000000000000000000000000000000000000,13.6400003433227539062500000000000000000000000000000000000000000000,13.5399999618530273437500000000000000000000000000000000000000000000
2023-06-30,13.5900001525878906250000000000000000000000000000000000000000000000,12.9600000381469726562500000000000000000000000000000000000000000000,13.5900001525878906250000000000000000000000000000000000000000000000,13.5100002288818359375000000000000000000000000000000000000000000000,13.5900001525878906250000000000000000000000000000000000000000000000
2023-07-03,13.8500003814697265625000000000000000000000000000000000000000000000,13.4700002670288085937500000000000000000000000000000000000000000000,13.5699996948242187500000000000000000000000000000000000000000000000,13.8500003814697265625000000000000000000000000000000000000000000000,13.5699996948242187500000000000000000000000000000000000000000000000
2023-07-05,14.7399997711181640625000000000000000000000000000000000000000000000,14.0500001907348632812500000000000000000000000000000000000000000000,14.1800003051757812500000000000000000000000000000000000000000000000,14.1899995803833007812500000000000000000000000000000000000000000000,14.1800003051757812500000000000000000000000000000000000000000000000
2023-07-06,17.0799999237060546875000000000000000000000000000000000000000000000,14.7899999618530273437500000000000000000000000000000000000000000000,15.4399995803833007812500000000000000000000000000000000000000000000,14.8500003814697265625000000000000000000000000000000000000000000000,15.4399995803833007812500000000000000000000000000000000000000000000
2023-07-07,16.0599994659423828125000000000000000000000000000000000000000000000,14.3299999237060546875000000000000000000000000000000000000000000000,14.8299999237060546875000000000000000000000000000000000000000000000,15.9700002670288085937500000000000000000000000000000000000000000000,14.8299999237060546875000000000000000000000000000000000000000000000
2023-07-10,16.2099990844726562500000000000000000000000000000000000000000000000,15.0399999618530273437500000000000000000000000000000000000000000000,15.0699996948242187500000000000000000000000000000000000000000000000,16.0799999237060546875000000000000000000000000000000000000000000000,15.0699996948242187500000000000000000000000000000000000000000000000
2023-07-11,15.2500000000000000000000000000000000000000000000000000000000000000,14.6300001144409179687500000000000000000000000000000000000000000000,14.8400001525878906250000000000000000000000000000000000000000000000,15.0200004577636718750000000000000000000000000000000000000000000000,14.8400001525878906250000000000000000000000000000000000000000000000
2023-07-12,14.8199996948242187500000000000000000000000000000000000000000000000,13.5100002288818359375000000000000000000000000000000000000000000000,13.5399999618530273437500000000000000000000000000000000000000000000,14.8199996948242187500000000000000000000000000000000000000000000000,13.5399999618530273437500000000000000000000000000000000000000000000
2023-07-13,13.6099996566772460937500000000000000000000000000000000000000000000,13.1199998855590820312500000000000000000000000000000000000000000000,13.6099996566772460937500000000000000000000000000000000000000000000,13.4399995803833007812500000000000000000000000000000000000000000000,13.6099996566772460937500000000000000000000000000000000000000000000
2023-07-14,13.7600002288818359375000000000000000000000000000000000000000000000,13.2200002670288085937500000000000000000000000000000000000000000000,13.3400001525878906250000000000000000000000000000000000000000000000,13.7200002670288085937500000000000000000000000000000000000000000000,13.3400001525878906250000000000000000000000000000000000000000000000
2023-07-17,14.0000000000000000000000000000000000000000000000000000000000000000,13.4300003051757812500000000000000000000000000000000000000000000000,13.4799995422363281250000000000000000000000000000000000000000000000,13.7799997329711914062500000000000000000000000000000000000000000000,13.4799995422363281250000000000000000000000000000000000000000000000
2023-07-18,13.6700000762939453125000000000000000000000000000000000000000000000,13.2899999618530273437500000000000000000000000000000000000000000000,13.3000001907348632812500000000000000000000000000000000000000000000,13.6099996566772460937500000000000000000000000000000000000000000000,13.3000001907348632812500000000000000000000000000000000000000000000
2023-07-19,13.8400001525878906250000000000000000000000000000000000000000000000,13.1199998855590820312500000000000000000000000000000000000000000000,13.7600002288818359375000000000000000000000000000000000000000000000,13.3199996948242187500000000000000000000000000000000000000000000000,13.7600002288818359375000000000000000000000000000000000000000000000
2023-07-20,14.2299995422363281250000000000000000000000000000000000000000000000,13.5799999237060546875000000000000000000000000000000000000000000000,13.9899997711181640625000000000000000000000000000000000000000000000,13.9600000381469726562500000000000000000000000000000000000000000000,13.9899997711181640625000000000000000000000000000000000000000000000
2023-07-21,13.8900003433227539062500000000000000000000000000000000000000000000,13.3699998855590820312500000000000000000000000000000000000000000000,13.6000003814697265625000000000000000000000000000000000000000000000,13.8699998855590820312500000000000000000000000000000000000000000000,13.6000003814697265625000000000000000000000000000000000000000000000
2023-07-24,14.3000001907348632812500000000000000000000000000000000000000000000,13.7299995422363281250000000000000000000000000000000000000000000000,13.9099998474121093750000000000000000000000000000000000000000000000,14.2899999618530273437500000000000000000000000000000000000000000000,13.9099998474121093750000000000000000000000000000000000000000000000
2023-07-25,14.0900001525878906250000000000000000000000000000000000000000000000,13.8199996948242187500000000000000000000000000000000000000000000000,13.8599996566772460937500000000000000000000000000000000000000000000,14.0200004577636718750000000000000000000000000000000000000000000000,13.8599996566772460937500000000000000000000000000000000000000000000
2023-07-26,14.1599998474121093750000000000000000000000000000000000000000000000,13.1499996185302734375000000000000000000000000000000000000000000000,13.1899995803833007812500000000000000000000000000000000000000000000,13.8599996566772460937500000000000000000000000000000000000000000000,13.1899995803833007812500000000000000000000000000000000000000000000
2023-07-27,15.0200004577636718750000000000000000000000000000000000000000000000,12.7399997711181640625000000000000000000000000000000000000000000000,14.4099998474121093750000000000000000000000000000000000000000000000,13.1400003433227539062500000000000000000000000000000000000000000000,14.4099998474121093750000000000000000000000000000000000000000000000
2023-07-28,14.1800003051757812500000000000000000000000000000000000000000000000,13.2700004577636718750000000000000000000000000000000000000000000000,13.3299999237060546875000000000000000000000000000000000000000000000,14.0299997329711914062500000000000000000000000000000000000000000000,13.3299999237060546875000000000000000000000000000000000000000000000
2023-07-31,14.0900001525878906250000000000000000000000000000000000000000000000,13.5699996948242187500000000000000000000000000000000000000000000000,13.6300001144409179687500000000000000000000000000000000000000000000,13.9799995422363281250000000000000000000000000000000000000000000000,13.6300001144409179687500000000000000000000000000000000000000000000
2023-08-01,14.3000001907348632812500000000000000000000000000000000000000000000,13.7500000000000000000000000000000000000000000000000000000000000000,13.9300003051757812500000000000000000000000000000000000000000000000,13.7500000000000000000000000000000000000000000000000000000000000000,13.9300003051757812500000000000000000000000000000000000000000000000
2023-08-02,16.4799995422363281250000000000000000000000000000000000000000000000,14.9499998092651367187500000000000000000000000000000000000000000000,16.0900001525878906250000000000000000000000000000000000000000000000,15.6999998092651367187500000000000000000000000000000000000000000000,16.0900001525878906250000000000000000000000000000000000000000000000
2023-08-03,17.4200000762939453125000000000000000000000000000000000000000000000,15.7200002670288085937500000000000000000000000000000000000000000000,15.9200000762939453125000000000000000000000000000000000000000000000,16.7700004577636718750000000000000000000000000000000000000000000000,15.9200000762939453125000000000000000000000000000000000000000000000
2023-08-04,17.3899993896484375000000000000000000000000000000000000000000000000,14.5699996948242187500000000000000000000000000000000000000000000000,17.1000003814697265625000000000000000000000000000000000000000000000,16.0100002288818359375000000000000000000000000000000000000000000000,17.1000003814697265625000000000000000000000000000000000000000000000
2023-08-07,17.3600006103515625000000000000000000000000000000000000000000000000,15.7700004577636718750000000000000000000000000000000000000000000000,15.7700004577636718750000000000000000000000000000000000000000000000,16.8999996185302734375000000000000000000000000000000000000000000000,15.7700004577636718750000000000000000000000000000000000000000000000
2023-08-08,18.1399993896484375000000000000000000000000000000000000000000000000,15.9600000381469726562500000000000000000000000000000000000000000000,15.9899997711181640625000000000000000000000000000000000000000000000,16.2800006866455078125000000000000000000000000000000000000000000000,15.9899997711181640625000000000000000000000000000000000000000000000
2023-08-09,16.8700008392333984375000000000000000000000000000000000000000000000,15.3800001144409179687500000000000000000000000000000000000000000000,15.9600000381469726562500000000000000000000000000000000000000000000,15.8100004196166992187500000000000000000000000000000000000000000000,15.9600000381469726562500000000000000000000000000000000000000000000
2023-08-10,16.8600006103515625000000000000000000000000000000000000000000000000,14.6000003814697265625000000000000000000000000000000000000000000000,15.8500003814697265625000000000000000000000000000000000000000000000,15.5799999237060546875000000000000000000000000000000000000000000000,15.8500003814697265625000000000000000000000000000000000000000000000
2023-08-11,16.5100002288818359375000000000000000000000000000000000000000000000,14.8400001525878906250000000000000000000000000000000000000000000000,14.8400001525878906250000000000000000000000000000000000000000000000,15.5299997329711914062500000000000000000000000000000000000000000000,14.8400001525878906250000000000000000000000000000000000000000000000
2023-08-14,16.0599994659423828125000000000000000000000000000000000000000000000,14.7700004577636718750000000000000000000000000000000000000000000000,14.8199996948242187500000000000000000000000000000000000000000000000,15.8800001144409179687500000000000000000000000000000000000000000000,14.8199996948242187500000000000000000000000000000000000000000000000
2023-08-15,16.5699996948242187500000000000000000000000000000000000000000000000,14.9099998474121093750000000000000000000000000000000000000000000000,16.4599990844726562500000000000000000000000000000000000000000000000,14.9499998092651367187500000000000000000000000000000000000000000000,16.4599990844726562500000000000000000000000000000000000000000000000
2023-08-16,16.9300003051757812500000000000000000000000000000000000000000000000,15.8000001907348632812500000000000000000000000000000000000000000000,16.7800006866455078125000000000000000000000000000000000000000000000,16.5400009155273437500000000000000000000000000000000000000000000000,16.7800006866455078125000000000000000000000000000000000000000000000
2023-08-17,18.1299991607666015625000000000000000000000000000000000000000000000,16.3999996185302734375000000000000000000000000000000000000000000000,17.8899993896484375000000000000000000000000000000000000000000000000,16.9599990844726562500000000000000000000000000000000000000000000000,17.8899993896484375000000000000000000000000000000000000000000000000
2023-08-18,18.8799991607666015625000000000000000000000000000000000000000000000,17.1399993896484375000000000000000000000000000000000000000000000000,17.2999992370605468750000000000000000000000000000000000000000000000,17.7999992370605468750000000000000000000000000000000000000000000000,17.2999992370605468750000000000000000000000000000000000000000000000
2023-08-21,18.1100006103515625000000000000000000000000000000000000000000000000,16.8799991607666015625000000000000000000000000000000000000000000000,17.1299991607666015625000000000000000000000000000000000000000000000,18.0300006866455078125000000000000000000000000000000000000000000000,17.1299991607666015625000000000000000000000000000000000000000000000
2023-08-22,17.5799999237060546875000000000000000000000000000000000000000000000,16.6100006103515625000000000000000000000000000000000000000000000000,16.9699993133544921875000000000000000000000000000000000000000000000,16.9599990844726562500000000000000000000000000000000000000000000000,16.9699993133544921875000000000000000000000000000000000000000000000
2023-08-23,17.1000003814697265625000000000000000000000000000000000000000000000,15.9099998474121093750000000000000000000000000000000000000000000000,15.9799995422363281250000000000000000000000000000000000000000000000,16.6399993896484375000000000000000000000000000000000000000000000000,15.9799995422363281250000000000000000000000000000000000000000000000
2023-08-24,17.3199996948242187500000000000000000000000000000000000000000000000,15.4799995422363281250000000000000000000000000000000000000000000000,17.2000007629394531250000000000000000000000000000000000000000000000,15.5699996948242187500000000000000000000000000000000000000000000000,17.2000007629394531250000000000000000000000000000000000000000000000
2023-08-25,17.3600006103515625000000000000000000000000000000000000000000000000,15.4499998092651367187500000000000000000000000000000000000000000000,15.6800003051757812500000000000000000000000000000000000000000000000,17.2099990844726562500000000000000000000000000000000000000000000000,15.6800003051757812500000000000000000000000000000000000000000000000
2023-08-28,16.2800006866455078125000000000000000000000000000000000000000000000,15.0000000000000000000000000000000000000000000000000000000000000000,15.0799999237060546875000000000000000000000000000000000000000000000,16.2399997711181640625000000000000000000000000000000000000000000000,15.0799999237060546875000000000000000000000000000000000000000000000
2023-08-29,15.3000001907348632812500000000000000000000000000000000000000000000,14.3400001525878906250000000000000000000000000000000000000000000000,14.4499998092651367187500000000000000000000000000000000000000000000,15.0799999237060546875000000000000000000000000000000000000000000000,14.4499998092651367187500000000000000000000000000000000000000000000
2023-08-30,14.6999998092651367187500000000000000000000000000000000000000000000,13.8299999237060546875000000000000000000000000000000000000000000000,13.8800001144409179687500000000000000000000000000000000000000000000,14.5299997329711914062500000000000000000000000000000000000000000000,13.8800001144409179687500000000000000000000000000000000000000000000
2023-08-31,14.0000000000000000000000000000000000000000000000000000000000000000,13.4399995803833007812500000000000000000000000000000000000000000000,13.5699996948242187500000000000000000000000000000000000000000000000,13.9799995422363281250000000000000000000000000000000000000000000000,13.5699996948242187500000000000000000000000000000000000000000000000
2023-09-01,13.5600004196166992187500000000000000000000000000000000000000000000,13.0200004577636718750000000000000000000000000000000000000000000000,13.0900001525878906250000000000000000000000000000000000000000000000,13.5600004196166992187500000000000000000000000000000000000000000000,13.0900001525878906250000000000000000000000000000000000000000000000
2023-09-05,14.4700002670288085937500000000000000000000000000000000000000000000,13.6999998092651367187500000000000000000000000000000000000000000000,14.0100002288818359375000000000000000000000000000000000000000000000,14.1499996185302734375000000000000000000000000000000000000000000000,14.0100002288818359375000000000000000000000000000000000000000000000
2023-09-06,15.3000001907348632812500000000000000000000000000000000000000000000,14.1300001144409179687500000000000000000000000000000000000000000000,14.4499998092651367187500000000000000000000000000000000000000000000,14.2700004577636718750000000000000000000000000000000000000000000000,14.4499998092651367187500000000000000000000000000000000000000000000
2023-09-07,15.6899995803833007812500000000000000000000000000000000000000000000,14.3999996185302734375000000000000000000000000000000000000000000000,14.3999996185302734375000000000000000000000000000000000000000000000,14.8100004196166992187500000000000000000000000000000000000000000000,14.3999996185302734375000000000000000000000000000000000000000000000
2023-09-08,14.8699998855590820312500000000000000000000000000000000000000000000,13.5799999237060546875000000000000000000000000000000000000000000000,13.8400001525878906250000000000000000000000000000000000000000000000,14.2200002670288085937500000000000000000000000000000000000000000000,13.8400001525878906250000000000000000000000000000000000000000000000
2023-09-11,14.3299999237060546875000000000000000000000000000000000000000000000,13.7399997711181640625000000000000000000000000000000000000000000000,13.8000001907348632812500000000000000000000000000000000000000000000,14.1700000762939453125000000000000000000000000000000000000000000000,13.8000001907348632812500000000000000000000000000000000000000000000
2023-09-12,14.4200000762939453125000000000000000000000000000000000000000000000,13.7100000381469726562500000000000000000000000000000000000000000000,14.2299995422363281250000000000000000000000000000000000000000000000,14.0200004577636718750000000000000000000000000000000000000000000000,14.2299995422363281250000000000000000000000000000000000000000000000
2023-09-13,14.6800003051757812500000000000000000000000000000000000000000000000,13.4099998474121093750000000000000000000000000000000000000000000000,13.4799995422363281250000000000000000000000000000000000000000000000,14.4200000762939453125000000000000000000000000000000000000000000000,13.4799995422363281250000000000000000000000000000000000000000000000
2023-09-14,13.4600000381469726562500000000000000000000000000000000000000000000,12.7899999618530273437500000000000000000000000000000000000000000000,12.8199996948242187500000000000000000000000000000000000000000000000,13.3900003433227539062500000000000000000000000000000000000000000000,12.8199996948242187500000000000000000000000000000000000000000000000
2023-09-15,14.1700000762939453125000000000000000000000000000000000000000000000,12.6800003051757812500000000000000000000000000000000000000000000000,13.7899999618530273437500000000000000000000000000000000000000000000,12.6999998092651367187500000000000000000000000000000000000000000000,13.7899999618530273437500000000000000000000000000000000000000000000
2023-09-18,14.7500000000000000000000000000000000000000000000000000000000000000,13.8599996566772460937500000000000000000000000000000000000000000000,14.0000000000000000000000000000000000000000000000000000000000000000,14.3999996185302734375000000000000000000000000000000000000000000000,14.0000000000000000000000000000000000000000000000000000000000000000
2023-09-19,14.8800001144409179687500000000000000000000000000000000000000000000,13.8599996566772460937500000000000000000000000000000000000000000000,14.1099996566772460937500000000000000000000000000000000000000000000,14.1099996566772460937500000000000000000000000000000000000000000000,14.1099996566772460937500000000000000000000000000000000000000000000
2023-09-20,15.1499996185302734375000000000000000000000000000000000000000000000,13.5699996948242187500000000000000000000000000000000000000000000000,15.1400003433227539062500000000000000000000000000000000000000000000,14.1800003051757812500000000000000000000000000000000000000000000000,15.1400003433227539062500000000000000000000000000000000000000000000
2023-09-21,17.5400009155273437500000000000000000000000000000000000000000000000,15.1000003814697265625000000000000000000000000000000000000000000000,17.5400009155273437500000000000000000000000000000000000000000000000,15.4899997711181640625000000000000000000000000000000000000000000000,17.5400009155273437500000000000000000000000000000000000000000000000
2023-09-22,17.4099998474121093750000000000000000000000000000000000000000000000,15.9300003051757812500000000000000000000000000000000000000000000000,17.2000007629394531250000000000000000000000000000000000000000000000,17.3099994659423828125000000000000000000000000000000000000000000000,17.2000007629394531250000000000000000000000000000000000000000000000
2023-09-25,18.4099998474121093750000000000000000000000000000000000000000000000,16.7900009155273437500000000000000000000000000000000000000000000000,16.8999996185302734375000000000000000000000000000000000000000000000,17.2500000000000000000000000000000000000000000000000000000000000000,16.8999996185302734375000000000000000000000000000000000000000000000
2023-09-26,19.5000000000000000000000000000000000000000000000000000000000000000,17.1700000762939453125000000000000000000000000000000000000000000000,18.9400005340576171875000000000000000000000000000000000000000000000,18.0300006866455078125000000000000000000000000000000000000000000000,18.9400005340576171875000000000000000000000000000000000000000000000
2023-09-27,19.7099990844726562500000000000000000000000000000000000000000000000,18.0300006866455078125000000000000000000000000000000000000000000000,18.2199993133544921875000000000000000000000000000000000000000000000,18.2900009155273437500000000000000000000000000000000000000000000000,18.2199993133544921875000000000000000000000000000000000000000000000
2023-09-28,18.7700004577636718750000000000000000000000000000000000000000000000,17.0599994659423828125000000000000000000000000000000000000000000000,17.3400001525878906250000000000000000000000000000000000000000000000,18.2199993133544921875000000000000000000000000000000000000000000000,17.3400001525878906250000000000000000000000000000000000000000000000
2023-09-29,17.7399997711181640625000000000000000000000000000000000000000000000,15.8299999237060546875000000000000000000000000000000000000000000000,17.5200004577636718750000000000000000000000000000000000000000000000,16.8700008392333984375000000000000000000000000000000000000000000000,17.5200004577636718750000000000000000000000000000000000000000000000
